userId,songId,timestamp,durationMs
724e10de-23b3-4b79-a3ba-70c8787fa3fe,5ede3121-872a-497c-9c09-ccac45be6bc2,2025-03-29T22:42:36.076Z,7084
3de0d8d3-5422-4fe1-a6c6-4aa5046bab3f,c198b688-84fd-42fd-afc1-777364a68eeb,2025-03-30T00:35:56.076Z,7707
d6602186-1459-4b11-b3a1-d7063838910f,c3aa4769-e504-49f4-8f80-1ba135ae36c4,2025-03-30T02:42:20.076Z,203217
5b9c3859-24fe-4c9a-98d2-c86dfc5bf0c9,2de627a2-c8c6-43ee-8688-e2bffcf6ec8b,2025-03-30T04:58:46.076Z,261587
475bca3f-5a94-4ffb-852d-9d348c9b77a1,882cfe14-8f95-44c8-8ae1-b99ba80d9894,2025-03-30T06:07:38.076Z,275124
475bca3f-5a94-4ffb-852d-9d348c9b77a1,6d6addb9-9eeb-4d15-886d-1d2e9a9665b3,2025-03-30T07:07:39.076Z,7591
3587cb7e-068d-4edc-8e51-9585991a59ee,2b51a930-f565-4e85-aaeb-2a2bae4a7bda,2025-03-30T08:00:04.077Z,9748
d6602186-1459-4b11-b3a1-d7063838910f,2b51a930-f565-4e85-aaeb-2a2bae4a7bda,2025-03-30T08:22:18.076Z,357865
d6602186-1459-4b11-b3a1-d7063838910f,6a9c786e-78ab-4dc7-8a4b-883a2cd3e1ff,2025-03-30T09:19:50.076Z,255391
5b9c3859-24fe-4c9a-98d2-c86dfc5bf0c9,d9b53215-0f91-4daf-94d4-5229f5109ece,2025-03-30T10:04:35.076Z,142829
724e10de-23b3-4b79-a3ba-70c8787fa3fe,d9b53215-0f91-4daf-94d4-5229f5109ece,2025-03-30T15:05:59.076Z,2896
5b9c3859-24fe-4c9a-98d2-c86dfc5bf0c9,4eea8b40-9df3-4d0e-b646-9dccb3fdc536,2025-03-30T22:45:45.076Z,151559
d6602186-1459-4b11-b3a1-d7063838910f,c24b7bb9-07ed-4e80-9484-df0667c83574,2025-03-31T00:23:06.076Z,1622
5b9c3859-24fe-4c9a-98d2-c86dfc5bf0c9,db68df62-26d6-4204-bdc6-41dbfba7a315,2025-03-31T05:37:39.076Z,1812
724e10de-23b3-4b79-a3ba-70c8787fa3fe,52e960a6-1306-4701-a800-a5fa1a7a6762,2025-03-31T09:18:53.076Z,139472
475bca3f-5a94-4ffb-852d-9d348c9b77a1,ede670b9-adaa-4ff6-b197-949223030c8b,2025-03-31T11:01:23.076Z,2289
9333e5d6-4856-4cab-9c46-f45100927e2f,2f2b1a33-e8a0-461e-a746-b7ffa4e843c7,2025-03-31T11:10:38.077Z,99537
5b9c3859-24fe-4c9a-98d2-c86dfc5bf0c9,db68df62-26d6-4204-bdc6-41dbfba7a315,2025-03-31T13:32:19.076Z,151427
5b9c3859-24fe-4c9a-98d2-c86dfc5bf0c9,fb702dfd-b9a7-45a6-8cc2-31fc3f56f4f1,2025-03-31T19:11:31.076Z,312479
ae0715d0-6ed4-4fbf-8e50-5810f6dcdc7f,52e960a6-1306-4701-a800-a5fa1a7a6762,2025-03-31T19:17:25.076Z,237599
d6602186-1459-4b11-b3a1-d7063838910f,a584a633-ec05-4196-b4af-276bd69d4f40,2025-03-31T20:11:37.076Z,99921
475bca3f-5a94-4ffb-852d-9d348c9b77a1,7da8c1f5-3dbb-4672-ac8c-f8d03606bc3c,2025-04-01T00:00:34.076Z,214964
724e10de-23b3-4b79-a3ba-70c8787fa3fe,576eb88c-33f9-4692-93ec-712014b66d16,2025-04-01T02:59:23.076Z,8537
5b9c3859-24fe-4c9a-98d2-c86dfc5bf0c9,acdd3b72-cdf2-4bbb-a1ea-ca514d5bc3bd,2025-04-01T03:02:46.076Z,113914
653c78e7-8b84-4de3-b4da-d08531338e04,1ca59767-03aa-48ae-8d6c-6d356e411ea9,2025-04-01T03:16:04.077Z,2991
d2b0d4a1-fe36-4372-a4f4-97540afb7a6f,1e7461c4-0af0-48e0-99c7-5b59f8d78286,2025-04-01T06:23:42.077Z,71417
d6602186-1459-4b11-b3a1-d7063838910f,a82104a2-0a85-405a-8474-1a6489d6ae9e,2025-04-01T14:26:07.076Z,3366
724e10de-23b3-4b79-a3ba-70c8787fa3fe,79ae8c18-4e36-4091-b408-1a57bbffdd4f,2025-04-01T14:31:37.076Z,93783
475bca3f-5a94-4ffb-852d-9d348c9b77a1,cb11c898-2ec4-4a2c-9ea6-35c0e2dadee6,2025-04-01T14:42:49.076Z,259795
5b9c3859-24fe-4c9a-98d2-c86dfc5bf0c9,4eea8b40-9df3-4d0e-b646-9dccb3fdc536,2025-04-01T20:46:32.076Z,275099
475bca3f-5a94-4ffb-852d-9d348c9b77a1,7c1e4e78-1895-46cb-b899-dc57b261845f,2025-04-02T00:09:25.076Z,101807
7210b917-1ad9-4eb4-a753-e71858f2353c,39dcaede-cc3a-4e96-a014-1fc1f136e36f,2025-04-02T00:37:17.076Z,190301
8c176f17-b169-4f79-9f48-2e0ae1450686,33ba8c9f-0794-461f-bda0-f738a9ba5cef,2025-04-02T01:41:27.077Z,2398
d8511d51-ebdc-4d2e-91b0-82e7e71aaa07,30f307eb-ab6a-4cf7-bcdb-c77568a2020c,2025-04-02T05:15:20.077Z,66621
a8a124d1-4789-4867-a473-7b6eb666a576,1ca59767-03aa-48ae-8d6c-6d356e411ea9,2025-04-02T06:12:29.077Z,227049
ae0715d0-6ed4-4fbf-8e50-5810f6dcdc7f,79ae8c18-4e36-4091-b408-1a57bbffdd4f,2025-04-02T07:18:02.076Z,239681
d6602186-1459-4b11-b3a1-d7063838910f,1b7da275-2155-4716-a4d4-0e81765e9cdd,2025-04-02T07:56:05.076Z,261893
724e10de-23b3-4b79-a3ba-70c8787fa3fe,5ede3121-872a-497c-9c09-ccac45be6bc2,2025-04-02T09:01:09.076Z,224325
475bca3f-5a94-4ffb-852d-9d348c9b77a1,6d6addb9-9eeb-4d15-886d-1d2e9a9665b3,2025-04-02T09:03:09.076Z,112383
5b9c3859-24fe-4c9a-98d2-c86dfc5bf0c9,3ae24a15-0863-4da8-a600-7a3474e40195,2025-04-02T11:36:38.076Z,7660
ae0715d0-6ed4-4fbf-8e50-5810f6dcdc7f,af111602-4f58-40b4-b760-3bb3dddfec6f,2025-04-02T12:19:57.076Z,307620
afacb60d-fa39-4d5e-b4f6-d62287c9afe4,b8c647ee-1814-4dc8-80af-55f8d02c6c93,2025-04-02T15:44:36.076Z,4588
5b9c3859-24fe-4c9a-98d2-c86dfc5bf0c9,2de627a2-c8c6-43ee-8688-e2bffcf6ec8b,2025-04-02T17:22:57.076Z,250280
5b9c3859-24fe-4c9a-98d2-c86dfc5bf0c9,3733942a-ef70-444f-abd1-cb7f3b992baa,2025-04-02T18:47:05.076Z,83327
5b9c3859-24fe-4c9a-98d2-c86dfc5bf0c9,dda54d16-ce8b-4df5-b049-b74768997650,2025-04-02T19:57:55.076Z,9089
fa956849-7e88-433f-96c1-36757e3adc1f,7c1e4e78-1895-46cb-b899-dc57b261845f,2025-04-02T23:39:40.077Z,2812
d6602186-1459-4b11-b3a1-d7063838910f,c24b7bb9-07ed-4e80-9484-df0667c83574,2025-04-03T01:17:54.076Z,5311
724e10de-23b3-4b79-a3ba-70c8787fa3fe,79ae8c18-4e36-4091-b408-1a57bbffdd4f,2025-04-03T04:03:48.076Z,8547
5b9c3859-24fe-4c9a-98d2-c86dfc5bf0c9,ad54741d-fda8-462a-b8ed-dfb06a00938d,2025-04-03T08:39:35.076Z,319993
d6602186-1459-4b11-b3a1-d7063838910f,c24b7bb9-07ed-4e80-9484-df0667c83574,2025-04-03T11:16:09.076Z,6418
475bca3f-5a94-4ffb-852d-9d348c9b77a1,79ae8c18-4e36-4091-b408-1a57bbffdd4f,2025-04-03T12:26:42.076Z,151905
1e0f40a6-a1b5-444b-916d-a70935bcd838,c3aa4769-e504-49f4-8f80-1ba135ae36c4,2025-04-03T14:27:34.076Z,310056
29aba1ef-ee51-4fd1-9a67-8891f058dd2f,6d6addb9-9eeb-4d15-886d-1d2e9a9665b3,2025-04-03T18:51:12.077Z,85475
d4f1eb43-b483-4caa-8cd2-87f77e768d65,7da8c1f5-3dbb-4672-ac8c-f8d03606bc3c,2025-04-03T19:00:45.077Z,205847
5b9c3859-24fe-4c9a-98d2-c86dfc5bf0c9,b8c647ee-1814-4dc8-80af-55f8d02c6c93,2025-04-03T20:55:53.076Z,261727
724e10de-23b3-4b79-a3ba-70c8787fa3fe,eb83e7d2-7d60-4440-874f-67252305a730,2025-04-03T20:57:06.076Z,2060
9333e5d6-4856-4cab-9c46-f45100927e2f,af111602-4f58-40b4-b760-3bb3dddfec6f,2025-04-03T22:47:29.077Z,6425
d6602186-1459-4b11-b3a1-d7063838910f,6d8003e6-1fbc-44fd-852f-d41ccbe389c3,2025-04-04T02:26:42.076Z,108889
724e10de-23b3-4b79-a3ba-70c8787fa3fe,5b03d7cd-5fbe-4162-aaae-23074140fe58,2025-04-04T08:07:48.076Z,1843
d6602186-1459-4b11-b3a1-d7063838910f,2b0b1fbb-0507-4897-aef6-69004fba434d,2025-04-04T09:27:16.076Z,85344
475bca3f-5a94-4ffb-852d-9d348c9b77a1,c3aa4769-e504-49f4-8f80-1ba135ae36c4,2025-04-04T12:30:31.076Z,145125
475bca3f-5a94-4ffb-852d-9d348c9b77a1,5c55e352-5688-4c35-a06f-f29e6519a629,2025-04-04T12:30:56.076Z,65196
ae0715d0-6ed4-4fbf-8e50-5810f6dcdc7f,5ede3121-872a-497c-9c09-ccac45be6bc2,2025-04-04T13:14:10.076Z,271517
5b9c3859-24fe-4c9a-98d2-c86dfc5bf0c9,52e960a6-1306-4701-a800-a5fa1a7a6762,2025-04-04T13:24:34.076Z,7770
f7a9443e-b4df-4917-b6ce-74cb499ca47b,3115f7ee-fc73-4be9-91a1-12f239bff5bb,2025-04-04T14:04:31.077Z,110494
5b9c3859-24fe-4c9a-98d2-c86dfc5bf0c9,4ff8fee4-540c-4aa0-a9a5-2f65c18967f8,2025-04-04T15:20:41.076Z,340221
5b9bbc65-0662-42bb-b5a7-df1c1b8b460e,5e0045a6-53ca-493e-9c1b-897e0bc8bc19,2025-04-04T22:32:04.076Z,329448
2dd9df7c-103b-414d-aebc-ea329020e3e2,0ca71646-ef58-4ced-a924-8e02981a0d67,2025-04-05T00:50:45.077Z,4434
ae0715d0-6ed4-4fbf-8e50-5810f6dcdc7f,79ae8c18-4e36-4091-b408-1a57bbffdd4f,2025-04-05T00:51:40.076Z,83179
ae0715d0-6ed4-4fbf-8e50-5810f6dcdc7f,52e960a6-1306-4701-a800-a5fa1a7a6762,2025-04-05T03:44:32.076Z,9999
475bca3f-5a94-4ffb-852d-9d348c9b77a1,c3aa4769-e504-49f4-8f80-1ba135ae36c4,2025-04-05T06:54:07.076Z,292645
475bca3f-5a94-4ffb-852d-9d348c9b77a1,3115f7ee-fc73-4be9-91a1-12f239bff5bb,2025-04-05T17:34:23.076Z,94762
f081d70f-ddf1-4c27-bb0d-e226b7fa7cb2,6d6addb9-9eeb-4d15-886d-1d2e9a9665b3,2025-04-05T19:04:55.077Z,147041
d6602186-1459-4b11-b3a1-d7063838910f,c24b7bb9-07ed-4e80-9484-df0667c83574,2025-04-05T19:16:59.076Z,190835
475bca3f-5a94-4ffb-852d-9d348c9b77a1,78fd4387-25c0-4d8a-84b2-4486fdad107b,2025-04-05T19:57:46.076Z,75570
a8014dcd-d991-44da-b336-964b3be34af8,8db8f77c-d19b-4872-8e5d-1aee9f653721,2025-04-05T20:03:09.076Z,192292
724e10de-23b3-4b79-a3ba-70c8787fa3fe,fb4b5702-4881-4947-9d58-faee4d95153b,2025-04-05T23:12:05.076Z,4852
724e10de-23b3-4b79-a3ba-70c8787fa3fe,576eb88c-33f9-4692-93ec-712014b66d16,2025-04-06T01:08:52.076Z,320767
699c9039-724b-4a4e-808e-c3269dd3b3c7,a82104a2-0a85-405a-8474-1a6489d6ae9e,2025-04-06T07:53:42.076Z,2177
ae0715d0-6ed4-4fbf-8e50-5810f6dcdc7f,0ca71646-ef58-4ced-a924-8e02981a0d67,2025-04-06T09:39:56.076Z,354608
ae0715d0-6ed4-4fbf-8e50-5810f6dcdc7f,2de627a2-c8c6-43ee-8688-e2bffcf6ec8b,2025-04-06T10:00:45.076Z,4922
ad5c6c22-d96d-4dbb-97db-61a7918242c8,b8c647ee-1814-4dc8-80af-55f8d02c6c93,2025-04-06T11:43:39.076Z,2015
ae0715d0-6ed4-4fbf-8e50-5810f6dcdc7f,eaeb0f5a-e070-4778-9d33-25a1a1421a83,2025-04-06T14:30:13.076Z,69749
724e10de-23b3-4b79-a3ba-70c8787fa3fe,3115f7ee-fc73-4be9-91a1-12f239bff5bb,2025-04-06T15:34:55.076Z,246297
bbd9b9f2-d3f4-479d-8da4-89763a8cc4fa,3115f7ee-fc73-4be9-91a1-12f239bff5bb,2025-04-06T16:15:04.077Z,259731
5da47581-c91f-441d-b0a1-3bf4073c8ff3,c059de31-9f88-4fee-8251-acf690752e5f,2025-04-06T18:05:22.076Z,8827
8cb5b330-cc94-4472-a427-5de1749011a9,fb702dfd-b9a7-45a6-8cc2-31fc3f56f4f1,2025-04-06T18:21:39.077Z,5496
ae0715d0-6ed4-4fbf-8e50-5810f6dcdc7f,79ae8c18-4e36-4091-b408-1a57bbffdd4f,2025-04-06T19:04:46.076Z,1112
475bca3f-5a94-4ffb-852d-9d348c9b77a1,c3aa4769-e504-49f4-8f80-1ba135ae36c4,2025-04-06T20:27:20.076Z,282388
f081d70f-ddf1-4c27-bb0d-e226b7fa7cb2,e342e3de-1d9c-4641-a71c-3a68b523f09c,2025-04-07T00:42:04.077Z,264921
5b9c3859-24fe-4c9a-98d2-c86dfc5bf0c9,2de627a2-c8c6-43ee-8688-e2bffcf6ec8b,2025-04-07T00:52:25.076Z,101184
8cb5b330-cc94-4472-a427-5de1749011a9,78fd4387-25c0-4d8a-84b2-4486fdad107b,2025-04-07T03:07:15.077Z,1698
ae0715d0-6ed4-4fbf-8e50-5810f6dcdc7f,2de627a2-c8c6-43ee-8688-e2bffcf6ec8b,2025-04-07T03:28:15.076Z,4996
724e10de-23b3-4b79-a3ba-70c8787fa3fe,79ae8c18-4e36-4091-b408-1a57bbffdd4f,2025-04-07T03:55:22.076Z,182593
ae0715d0-6ed4-4fbf-8e50-5810f6dcdc7f,e342e3de-1d9c-4641-a71c-3a68b523f09c,2025-04-07T04:12:48.076Z,319416
5b9c3859-24fe-4c9a-98d2-c86dfc5bf0c9,837f9968-2cc2-4b15-ace2-2fcfce96e1f8,2025-04-07T10:07:02.076Z,5566
bbd9b9f2-d3f4-479d-8da4-89763a8cc4fa,78fd4387-25c0-4d8a-84b2-4486fdad107b,2025-04-07T10:14:05.077Z,4673
d8511d51-ebdc-4d2e-91b0-82e7e71aaa07,f3499936-ca7d-4261-849e-245f6b858d47,2025-04-07T15:38:21.077Z,78944
5b9c3859-24fe-4c9a-98d2-c86dfc5bf0c9,e342e3de-1d9c-4641-a71c-3a68b523f09c,2025-04-07T16:05:30.076Z,256028
ae0715d0-6ed4-4fbf-8e50-5810f6dcdc7f,af111602-4f58-40b4-b760-3bb3dddfec6f,2025-04-07T16:55:47.076Z,9356
5b9c3859-24fe-4c9a-98d2-c86dfc5bf0c9,2de627a2-c8c6-43ee-8688-e2bffcf6ec8b,2025-04-07T21:49:09.076Z,9862
724e10de-23b3-4b79-a3ba-70c8787fa3fe,d71f04a7-76ab-4a56-baf5-fb1523835e29,2025-04-07T22:23:28.076Z,100006
724e10de-23b3-4b79-a3ba-70c8787fa3fe,c24b7bb9-07ed-4e80-9484-df0667c83574,2025-04-08T00:07:56.076Z,153491
475bca3f-5a94-4ffb-852d-9d348c9b77a1,c24b7bb9-07ed-4e80-9484-df0667c83574,2025-04-08T02:57:50.076Z,342274
475bca3f-5a94-4ffb-852d-9d348c9b77a1,6d6addb9-9eeb-4d15-886d-1d2e9a9665b3,2025-04-08T04:11:10.076Z,251137
5b9c3859-24fe-4c9a-98d2-c86dfc5bf0c9,52e960a6-1306-4701-a800-a5fa1a7a6762,2025-04-08T05:16:10.076Z,9911
d4f1eb43-b483-4caa-8cd2-87f77e768d65,3115f7ee-fc73-4be9-91a1-12f239bff5bb,2025-04-08T08:34:35.077Z,6010
6880cad6-78d3-4120-ae6e-2cff6aab5e56,d71f04a7-76ab-4a56-baf5-fb1523835e29,2025-04-08T09:26:55.076Z,141645
5b9c3859-24fe-4c9a-98d2-c86dfc5bf0c9,db68df62-26d6-4204-bdc6-41dbfba7a315,2025-04-08T09:38:43.076Z,215408
5b9c3859-24fe-4c9a-98d2-c86dfc5bf0c9,2de627a2-c8c6-43ee-8688-e2bffcf6ec8b,2025-04-08T15:54:33.076Z,2875
d6602186-1459-4b11-b3a1-d7063838910f,9dd2316e-738c-49af-9815-56aea97a8364,2025-04-08T18:21:26.076Z,252769
d90ee1ca-2d51-4926-9253-31fe97bca286,06249add-0a0e-41fe-acf7-a0f84d85d512,2025-04-08T19:21:42.076Z,9257
ae0715d0-6ed4-4fbf-8e50-5810f6dcdc7f,79ae8c18-4e36-4091-b408-1a57bbffdd4f,2025-04-08T19:35:25.076Z,112523
724e10de-23b3-4b79-a3ba-70c8787fa3fe,d9b53215-0f91-4daf-94d4-5229f5109ece,2025-04-08T21:12:11.076Z,246264
724e10de-23b3-4b79-a3ba-70c8787fa3fe,4eea8b40-9df3-4d0e-b646-9dccb3fdc536,2025-04-09T03:39:14.076Z,9258
475bca3f-5a94-4ffb-852d-9d348c9b77a1,882cfe14-8f95-44c8-8ae1-b99ba80d9894,2025-04-09T04:47:08.076Z,8636
724e10de-23b3-4b79-a3ba-70c8787fa3fe,79ae8c18-4e36-4091-b408-1a57bbffdd4f,2025-04-09T06:19:10.076Z,7757
d6602186-1459-4b11-b3a1-d7063838910f,0b82cf78-8b01-4395-8501-39a2c3629356,2025-04-09T06:37:04.076Z,328845
724e10de-23b3-4b79-a3ba-70c8787fa3fe,ad54741d-fda8-462a-b8ed-dfb06a00938d,2025-04-09T06:52:41.076Z,1787
ae0715d0-6ed4-4fbf-8e50-5810f6dcdc7f,79ae8c18-4e36-4091-b408-1a57bbffdd4f,2025-04-09T09:32:21.076Z,3178
724e10de-23b3-4b79-a3ba-70c8787fa3fe,4eea8b40-9df3-4d0e-b646-9dccb3fdc536,2025-04-09T10:20:45.076Z,149653
fa956849-7e88-433f-96c1-36757e3adc1f,c480d475-a04e-43c0-8e08-a9500a502227,2025-04-09T21:59:31.077Z,8833
e9e86fd3-73a1-4aa0-af82-0208ca4a4739,7c1e4e78-1895-46cb-b899-dc57b261845f,2025-04-09T22:19:29.076Z,248938
ae0715d0-6ed4-4fbf-8e50-5810f6dcdc7f,3ae24a15-0863-4da8-a600-7a3474e40195,2025-04-09T22:30:38.076Z,254140
5b9c3859-24fe-4c9a-98d2-c86dfc5bf0c9,2b0b1fbb-0507-4897-aef6-69004fba434d,2025-04-10T01:40:46.076Z,323961
87eb2a56-fa45-4a3c-845c-68f7deb73c94,c3aa4769-e504-49f4-8f80-1ba135ae36c4,2025-04-10T01:58:42.076Z,5877
5b9c3859-24fe-4c9a-98d2-c86dfc5bf0c9,fb702dfd-b9a7-45a6-8cc2-31fc3f56f4f1,2025-04-10T06:23:31.076Z,336360
5b9c3859-24fe-4c9a-98d2-c86dfc5bf0c9,3ae24a15-0863-4da8-a600-7a3474e40195,2025-04-10T09:41:00.076Z,179233
95a513a8-22f3-4d76-a261-4befa7dff13c,b8c647ee-1814-4dc8-80af-55f8d02c6c93,2025-04-10T14:17:57.076Z,177213
d6602186-1459-4b11-b3a1-d7063838910f,e8c98621-49f9-4876-ab6b-6343388a4290,2025-04-10T15:13:08.076Z,217138
f2e3d316-bb5e-4c06-b678-7cde4eaecf99,2f2b1a33-e8a0-461e-a746-b7ffa4e843c7,2025-04-10T17:14:31.076Z,6600
475bca3f-5a94-4ffb-852d-9d348c9b77a1,cb11c898-2ec4-4a2c-9ea6-35c0e2dadee6,2025-04-10T18:20:24.076Z,9978
ae0715d0-6ed4-4fbf-8e50-5810f6dcdc7f,79ae8c18-4e36-4091-b408-1a57bbffdd4f,2025-04-10T18:57:37.076Z,2718
475bca3f-5a94-4ffb-852d-9d348c9b77a1,2b51a930-f565-4e85-aaeb-2a2bae4a7bda,2025-04-10T19:22:25.076Z,338860
ae0715d0-6ed4-4fbf-8e50-5810f6dcdc7f,79ae8c18-4e36-4091-b408-1a57bbffdd4f,2025-04-10T19:36:33.076Z,350125
d6602186-1459-4b11-b3a1-d7063838910f,72be07d1-c1e6-4653-aba4-37591b401d02,2025-04-10T20:39:23.076Z,300705
5b9c3859-24fe-4c9a-98d2-c86dfc5bf0c9,3ae24a15-0863-4da8-a600-7a3474e40195,2025-04-11T04:00:03.076Z,1010
d6602186-1459-4b11-b3a1-d7063838910f,ec382153-1c72-40f7-a6d8-b7bebcc9920e,2025-04-11T10:48:52.076Z,5070
ae0715d0-6ed4-4fbf-8e50-5810f6dcdc7f,5b03d7cd-5fbe-4162-aaae-23074140fe58,2025-04-11T13:36:59.076Z,4438
32072ad8-3338-4634-8c75-2f46d81b812f,c3e155cb-f9db-497b-ba56-07e03cc07e06,2025-04-11T16:28:44.076Z,198540
ae0715d0-6ed4-4fbf-8e50-5810f6dcdc7f,2de627a2-c8c6-43ee-8688-e2bffcf6ec8b,2025-04-11T17:20:54.076Z,1236
475bca3f-5a94-4ffb-852d-9d348c9b77a1,c24b7bb9-07ed-4e80-9484-df0667c83574,2025-04-11T22:30:07.076Z,109857
3ba5f858-5afd-44ae-bea2-4fbd4bd6446d,72be07d1-c1e6-4653-aba4-37591b401d02,2025-04-12T00:47:14.077Z,2920
d2b0d4a1-fe36-4372-a4f4-97540afb7a6f,c198b688-84fd-42fd-afc1-777364a68eeb,2025-04-12T03:40:51.077Z,3055
ae0715d0-6ed4-4fbf-8e50-5810f6dcdc7f,8a90263b-38bb-4f8e-9579-783f1e65cccc,2025-04-12T07:02:57.076Z,295989
1e0f40a6-a1b5-444b-916d-a70935bcd838,ec382153-1c72-40f7-a6d8-b7bebcc9920e,2025-04-12T07:57:36.076Z,3526
724e10de-23b3-4b79-a3ba-70c8787fa3fe,5c7eeb42-2004-40e6-8a41-a58f4a97db9b,2025-04-12T09:14:56.076Z,318553
724e10de-23b3-4b79-a3ba-70c8787fa3fe,5b03d7cd-5fbe-4162-aaae-23074140fe58,2025-04-12T10:32:58.076Z,4780
475bca3f-5a94-4ffb-852d-9d348c9b77a1,d71f04a7-76ab-4a56-baf5-fb1523835e29,2025-04-12T11:38:05.076Z,7388
d6602186-1459-4b11-b3a1-d7063838910f,c059de31-9f88-4fee-8251-acf690752e5f,2025-04-12T15:16:52.076Z,7963
384515f4-088c-4fcc-8dff-2be946d3aab8,5c7eeb42-2004-40e6-8a41-a58f4a97db9b,2025-04-12T16:54:49.076Z,6737
d6602186-1459-4b11-b3a1-d7063838910f,ec382153-1c72-40f7-a6d8-b7bebcc9920e,2025-04-12T18:10:48.076Z,249643
475bca3f-5a94-4ffb-852d-9d348c9b77a1,eaeb0f5a-e070-4778-9d33-25a1a1421a83,2025-04-12T18:17:26.076Z,294105
d6602186-1459-4b11-b3a1-d7063838910f,ec382153-1c72-40f7-a6d8-b7bebcc9920e,2025-04-12T20:02:22.076Z,305907
ae0715d0-6ed4-4fbf-8e50-5810f6dcdc7f,2b51a930-f565-4e85-aaeb-2a2bae4a7bda,2025-04-12T23:50:20.076Z,147917
fa956849-7e88-433f-96c1-36757e3adc1f,2f2b1a33-e8a0-461e-a746-b7ffa4e843c7,2025-04-13T06:22:36.077Z,353813
724e10de-23b3-4b79-a3ba-70c8787fa3fe,ad54741d-fda8-462a-b8ed-dfb06a00938d,2025-04-13T08:01:29.076Z,121932
e59b8c69-65f5-46b0-bb62-8e5d3c88c5c9,fb702dfd-b9a7-45a6-8cc2-31fc3f56f4f1,2025-04-13T08:59:56.077Z,346780
475bca3f-5a94-4ffb-852d-9d348c9b77a1,78fd4387-25c0-4d8a-84b2-4486fdad107b,2025-04-13T09:42:05.076Z,7887
29aba1ef-ee51-4fd1-9a67-8891f058dd2f,a82104a2-0a85-405a-8474-1a6489d6ae9e,2025-04-13T12:57:54.077Z,7559
475bca3f-5a94-4ffb-852d-9d348c9b77a1,cb11c898-2ec4-4a2c-9ea6-35c0e2dadee6,2025-04-13T13:30:25.076Z,342234
d6602186-1459-4b11-b3a1-d7063838910f,0837099b-1bc1-4be1-884f-5725057ad000,2025-04-13T17:03:25.076Z,173566
724e10de-23b3-4b79-a3ba-70c8787fa3fe,d9b53215-0f91-4daf-94d4-5229f5109ece,2025-04-13T19:12:57.076Z,127568
f081d70f-ddf1-4c27-bb0d-e226b7fa7cb2,87a3ffa3-420d-4c31-9160-7b0abfb2912a,2025-04-13T21:53:15.077Z,1850
bbd9b9f2-d3f4-479d-8da4-89763a8cc4fa,fb702dfd-b9a7-45a6-8cc2-31fc3f56f4f1,2025-04-13T23:48:38.077Z,154801
475bca3f-5a94-4ffb-852d-9d348c9b77a1,c059de31-9f88-4fee-8251-acf690752e5f,2025-04-14T01:57:37.076Z,61037
3a00fed7-7b76-45d5-9f3e-9d1ded7ac00f,882cfe14-8f95-44c8-8ae1-b99ba80d9894,2025-04-14T03:09:56.076Z,107010
d6602186-1459-4b11-b3a1-d7063838910f,c059de31-9f88-4fee-8251-acf690752e5f,2025-04-14T05:29:22.076Z,3209
475bca3f-5a94-4ffb-852d-9d348c9b77a1,7da8c1f5-3dbb-4672-ac8c-f8d03606bc3c,2025-04-14T12:26:19.076Z,4941
724e10de-23b3-4b79-a3ba-70c8787fa3fe,2de627a2-c8c6-43ee-8688-e2bffcf6ec8b,2025-04-14T12:32:53.076Z,358183
724e10de-23b3-4b79-a3ba-70c8787fa3fe,5ede3121-872a-497c-9c09-ccac45be6bc2,2025-04-14T18:19:46.076Z,234915
475bca3f-5a94-4ffb-852d-9d348c9b77a1,882cfe14-8f95-44c8-8ae1-b99ba80d9894,2025-04-14T19:45:39.076Z,114084
5b9c3859-24fe-4c9a-98d2-c86dfc5bf0c9,ad54741d-fda8-462a-b8ed-dfb06a00938d,2025-04-14T20:29:49.076Z,3357
5b9c3859-24fe-4c9a-98d2-c86dfc5bf0c9,3ae24a15-0863-4da8-a600-7a3474e40195,2025-04-14T21:49:08.076Z,5330
724e10de-23b3-4b79-a3ba-70c8787fa3fe,79ae8c18-4e36-4091-b408-1a57bbffdd4f,2025-04-14T22:56:23.076Z,273699
5b9c3859-24fe-4c9a-98d2-c86dfc5bf0c9,cb11c898-2ec4-4a2c-9ea6-35c0e2dadee6,2025-04-15T00:23:23.076Z,116088
87eb2a56-fa45-4a3c-845c-68f7deb73c94,2b51a930-f565-4e85-aaeb-2a2bae4a7bda,2025-04-15T01:26:32.076Z,2109
ae0715d0-6ed4-4fbf-8e50-5810f6dcdc7f,5c55e352-5688-4c35-a06f-f29e6519a629,2025-04-15T03:40:10.076Z,6674
d4f1eb43-b483-4caa-8cd2-87f77e768d65,3115f7ee-fc73-4be9-91a1-12f239bff5bb,2025-04-15T04:47:39.077Z,326321
e59b8c69-65f5-46b0-bb62-8e5d3c88c5c9,2b51a930-f565-4e85-aaeb-2a2bae4a7bda,2025-04-15T06:07:49.077Z,105284
ae0715d0-6ed4-4fbf-8e50-5810f6dcdc7f,87a3ffa3-420d-4c31-9160-7b0abfb2912a,2025-04-15T07:09:53.076Z,299303
ae0715d0-6ed4-4fbf-8e50-5810f6dcdc7f,ad54741d-fda8-462a-b8ed-dfb06a00938d,2025-04-15T07:22:33.076Z,8131
5b9c3859-24fe-4c9a-98d2-c86dfc5bf0c9,605f3310-78c7-4d77-b2f7-1344511e42c8,2025-04-15T07:39:04.076Z,205741
d6602186-1459-4b11-b3a1-d7063838910f,c059de31-9f88-4fee-8251-acf690752e5f,2025-04-15T09:18:49.076Z,6702
ae0715d0-6ed4-4fbf-8e50-5810f6dcdc7f,c24b7bb9-07ed-4e80-9484-df0667c83574,2025-04-15T13:05:01.076Z,165789
3ba5f858-5afd-44ae-bea2-4fbd4bd6446d,87a3ffa3-420d-4c31-9160-7b0abfb2912a,2025-04-15T15:18:56.077Z,167443
724e10de-23b3-4b79-a3ba-70c8787fa3fe,52e960a6-1306-4701-a800-a5fa1a7a6762,2025-04-15T16:29:19.076Z,1357
475bca3f-5a94-4ffb-852d-9d348c9b77a1,af111602-4f58-40b4-b760-3bb3dddfec6f,2025-04-16T01:50:40.076Z,79244
d6602186-1459-4b11-b3a1-d7063838910f,1ca59767-03aa-48ae-8d6c-6d356e411ea9,2025-04-16T05:09:26.075Z,126287
d6602186-1459-4b11-b3a1-d7063838910f,576eb88c-33f9-4692-93ec-712014b66d16,2025-04-16T11:51:06.076Z,290608
65a1721a-8193-4a37-80c5-db1762b3b756,e0edf826-5b8c-4a4d-a013-667214a926e8,2025-04-16T13:34:32.076Z,4159
d2b0d4a1-fe36-4372-a4f4-97540afb7a6f,e1122c45-988c-4613-946a-ae47b6ed0cf2,2025-04-16T14:14:02.077Z,333024
5b9c3859-24fe-4c9a-98d2-c86dfc5bf0c9,e063e5b0-4879-43cd-ae79-5357188a4fa8,2025-04-16T15:06:03.076Z,340532
475bca3f-5a94-4ffb-852d-9d348c9b77a1,c3aa4769-e504-49f4-8f80-1ba135ae36c4,2025-04-16T15:44:57.076Z,1462
5f1a45e2-4fe2-4791-9fee-677da746145e,576eb88c-33f9-4692-93ec-712014b66d16,2025-04-16T17:30:44.077Z,138958
724e10de-23b3-4b79-a3ba-70c8787fa3fe,d9b53215-0f91-4daf-94d4-5229f5109ece,2025-04-16T19:35:32.076Z,137135
8cb5b330-cc94-4472-a427-5de1749011a9,fd8e9348-a248-4c68-a97f-b73b195628b9,2025-04-17T00:19:39.077Z,7037
d6602186-1459-4b11-b3a1-d7063838910f,c3e155cb-f9db-497b-ba56-07e03cc07e06,2025-04-17T04:55:38.076Z,9505
d6602186-1459-4b11-b3a1-d7063838910f,576eb88c-33f9-4692-93ec-712014b66d16,2025-04-17T05:17:31.076Z,197844
ae0715d0-6ed4-4fbf-8e50-5810f6dcdc7f,5ede3121-872a-497c-9c09-ccac45be6bc2,2025-04-17T06:01:47.076Z,2917
724e10de-23b3-4b79-a3ba-70c8787fa3fe,0837099b-1bc1-4be1-884f-5725057ad000,2025-04-17T07:19:27.076Z,243257
475bca3f-5a94-4ffb-852d-9d348c9b77a1,c3aa4769-e504-49f4-8f80-1ba135ae36c4,2025-04-17T09:06:04.076Z,221546
ae0715d0-6ed4-4fbf-8e50-5810f6dcdc7f,c24b7bb9-07ed-4e80-9484-df0667c83574,2025-04-17T10:43:58.076Z,163909
5b9c3859-24fe-4c9a-98d2-c86dfc5bf0c9,7c1e4e78-1895-46cb-b899-dc57b261845f,2025-04-17T12:33:19.076Z,6050
ae0715d0-6ed4-4fbf-8e50-5810f6dcdc7f,5b03d7cd-5fbe-4162-aaae-23074140fe58,2025-04-17T14:13:37.076Z,132980
5b9c3859-24fe-4c9a-98d2-c86dfc5bf0c9,2b0b1fbb-0507-4897-aef6-69004fba434d,2025-04-17T14:51:55.076Z,9935
5c5cb04e-c309-4229-8458-36e33ec1346e,fb702dfd-b9a7-45a6-8cc2-31fc3f56f4f1,2025-04-17T18:40:47.076Z,6153
ae0715d0-6ed4-4fbf-8e50-5810f6dcdc7f,910b3d28-e4dc-4d79-a35a-86da803136b2,2025-04-17T20:12:11.076Z,195649
8528101e-1972-434e-875d-e79ff3f9259c,1ca59767-03aa-48ae-8d6c-6d356e411ea9,2025-04-17T20:31:13.076Z,214457
d6602186-1459-4b11-b3a1-d7063838910f,1ca59767-03aa-48ae-8d6c-6d356e411ea9,2025-04-17T20:51:18.076Z,327931
29aba1ef-ee51-4fd1-9a67-8891f058dd2f,0ca71646-ef58-4ced-a924-8e02981a0d67,2025-04-18T01:50:05.077Z,1623
fa956849-7e88-433f-96c1-36757e3adc1f,7c1e4e78-1895-46cb-b899-dc57b261845f,2025-04-18T02:50:27.077Z,7729
95a513a8-22f3-4d76-a261-4befa7dff13c,1ca59767-03aa-48ae-8d6c-6d356e411ea9,2025-04-18T04:20:55.076Z,262123
475bca3f-5a94-4ffb-852d-9d348c9b77a1,eaeb0f5a-e070-4778-9d33-25a1a1421a83,2025-04-18T06:53:28.076Z,145948
a8a124d1-4789-4867-a473-7b6eb666a576,1ca59767-03aa-48ae-8d6c-6d356e411ea9,2025-04-18T07:46:17.077Z,243050
f081d70f-ddf1-4c27-bb0d-e226b7fa7cb2,e342e3de-1d9c-4641-a71c-3a68b523f09c,2025-04-18T11:47:40.077Z,242138
8c176f17-b169-4f79-9f48-2e0ae1450686,eb83e7d2-7d60-4440-874f-67252305a730,2025-04-18T14:00:37.077Z,167618
5b9c3859-24fe-4c9a-98d2-c86dfc5bf0c9,0837099b-1bc1-4be1-884f-5725057ad000,2025-04-18T15:50:06.076Z,258855
d90ee1ca-2d51-4926-9253-31fe97bca286,2b0b1fbb-0507-4897-aef6-69004fba434d,2025-04-19T03:34:33.076Z,6072
475bca3f-5a94-4ffb-852d-9d348c9b77a1,cb11c898-2ec4-4a2c-9ea6-35c0e2dadee6,2025-04-19T06:00:17.076Z,139781
ae0715d0-6ed4-4fbf-8e50-5810f6dcdc7f,e063e5b0-4879-43cd-ae79-5357188a4fa8,2025-04-19T06:11:55.076Z,4621
d2b0d4a1-fe36-4372-a4f4-97540afb7a6f,ad54741d-fda8-462a-b8ed-dfb06a00938d,2025-04-19T08:16:31.077Z,212371
ae0715d0-6ed4-4fbf-8e50-5810f6dcdc7f,1b7da275-2155-4716-a4d4-0e81765e9cdd,2025-04-19T11:15:13.076Z,135312
ae0715d0-6ed4-4fbf-8e50-5810f6dcdc7f,5b03d7cd-5fbe-4162-aaae-23074140fe58,2025-04-19T13:54:09.076Z,348912
d6602186-1459-4b11-b3a1-d7063838910f,6d6addb9-9eeb-4d15-886d-1d2e9a9665b3,2025-04-19T15:37:52.076Z,6285
ae0715d0-6ed4-4fbf-8e50-5810f6dcdc7f,e342e3de-1d9c-4641-a71c-3a68b523f09c,2025-04-19T16:52:49.076Z,195160
475bca3f-5a94-4ffb-852d-9d348c9b77a1,7da8c1f5-3dbb-4672-ac8c-f8d03606bc3c,2025-04-19T17:08:55.076Z,9705
475bca3f-5a94-4ffb-852d-9d348c9b77a1,78fd4387-25c0-4d8a-84b2-4486fdad107b,2025-04-19T19:49:02.076Z,2800
724e10de-23b3-4b79-a3ba-70c8787fa3fe,5c7eeb42-2004-40e6-8a41-a58f4a97db9b,2025-04-19T22:22:21.076Z,272935
475bca3f-5a94-4ffb-852d-9d348c9b77a1,eaeb0f5a-e070-4778-9d33-25a1a1421a83,2025-04-19T22:24:17.076Z,284142
ae0715d0-6ed4-4fbf-8e50-5810f6dcdc7f,c24b7bb9-07ed-4e80-9484-df0667c83574,2025-04-20T01:34:32.076Z,1203
39ef168c-3bc0-4829-be16-59345c098a2d,5c7eeb42-2004-40e6-8a41-a58f4a97db9b,2025-04-20T03:05:26.076Z,285096
ae0715d0-6ed4-4fbf-8e50-5810f6dcdc7f,2de627a2-c8c6-43ee-8688-e2bffcf6ec8b,2025-04-20T03:24:44.076Z,159438
724e10de-23b3-4b79-a3ba-70c8787fa3fe,0ca71646-ef58-4ced-a924-8e02981a0d67,2025-04-20T03:33:14.076Z,2118
724e10de-23b3-4b79-a3ba-70c8787fa3fe,79ae8c18-4e36-4091-b408-1a57bbffdd4f,2025-04-20T05:19:19.076Z,83242
70c969fb-f9cf-440f-9f3a-836d83ca8ced,576eb88c-33f9-4692-93ec-712014b66d16,2025-04-20T08:41:55.076Z,7203
ae0715d0-6ed4-4fbf-8e50-5810f6dcdc7f,8326d65b-d8a4-4cb5-9413-8f962faec640,2025-04-20T09:48:56.076Z,1522
d6602186-1459-4b11-b3a1-d7063838910f,c059de31-9f88-4fee-8251-acf690752e5f,2025-04-20T11:06:41.076Z,9017
475bca3f-5a94-4ffb-852d-9d348c9b77a1,c198b688-84fd-42fd-afc1-777364a68eeb,2025-04-20T11:22:04.076Z,4555
95a513a8-22f3-4d76-a261-4befa7dff13c,fd8e9348-a248-4c68-a97f-b73b195628b9,2025-04-20T20:32:57.076Z,255104
5b9c3859-24fe-4c9a-98d2-c86dfc5bf0c9,a82104a2-0a85-405a-8474-1a6489d6ae9e,2025-04-20T22:01:44.076Z,180555
d6602186-1459-4b11-b3a1-d7063838910f,af41e664-198c-4ab5-beaf-87db674dd2ff,2025-04-20T23:44:56.076Z,2124
ae0715d0-6ed4-4fbf-8e50-5810f6dcdc7f,df01713b-3139-41ee-842e-f24aff0d0228,2025-04-21T00:16:24.076Z,1491
475bca3f-5a94-4ffb-852d-9d348c9b77a1,6d6addb9-9eeb-4d15-886d-1d2e9a9665b3,2025-04-21T05:03:58.076Z,5618
5b9c3859-24fe-4c9a-98d2-c86dfc5bf0c9,3ae24a15-0863-4da8-a600-7a3474e40195,2025-04-21T08:09:37.076Z,6675
5b9c3859-24fe-4c9a-98d2-c86dfc5bf0c9,52e960a6-1306-4701-a800-a5fa1a7a6762,2025-04-21T08:17:13.076Z,9151
5da47581-c91f-441d-b0a1-3bf4073c8ff3,5c55e352-5688-4c35-a06f-f29e6519a629,2025-04-21T10:08:08.076Z,2394
12fafb81-a1fe-44b2-8b28-6fe04baf36ee,8db8f77c-d19b-4872-8e5d-1aee9f653721,2025-04-21T14:19:29.076Z,87830
87eb2a56-fa45-4a3c-845c-68f7deb73c94,db68df62-26d6-4204-bdc6-41dbfba7a315,2025-04-21T14:35:57.077Z,7174
d6602186-1459-4b11-b3a1-d7063838910f,72be07d1-c1e6-4653-aba4-37591b401d02,2025-04-21T15:32:07.076Z,8127
860d0406-484b-4475-b080-c283bb67cc8a,fd8e9348-a248-4c68-a97f-b73b195628b9,2025-04-21T15:46:58.076Z,156018
724e10de-23b3-4b79-a3ba-70c8787fa3fe,72be07d1-c1e6-4653-aba4-37591b401d02,2025-04-21T16:17:50.076Z,254157
475bca3f-5a94-4ffb-852d-9d348c9b77a1,fb702dfd-b9a7-45a6-8cc2-31fc3f56f4f1,2025-04-22T02:12:08.076Z,2884
bbd9b9f2-d3f4-479d-8da4-89763a8cc4fa,2f2b1a33-e8a0-461e-a746-b7ffa4e843c7,2025-04-22T02:29:08.077Z,122272
d6602186-1459-4b11-b3a1-d7063838910f,c24b7bb9-07ed-4e80-9484-df0667c83574,2025-04-22T02:40:15.076Z,9955
724e10de-23b3-4b79-a3ba-70c8787fa3fe,5c7eeb42-2004-40e6-8a41-a58f4a97db9b,2025-04-22T03:31:55.076Z,180561
d6602186-1459-4b11-b3a1-d7063838910f,c3e155cb-f9db-497b-ba56-07e03cc07e06,2025-04-22T06:42:16.076Z,5201
d6602186-1459-4b11-b3a1-d7063838910f,72be07d1-c1e6-4653-aba4-37591b401d02,2025-04-22T10:16:52.076Z,300679
d6602186-1459-4b11-b3a1-d7063838910f,6d6addb9-9eeb-4d15-886d-1d2e9a9665b3,2025-04-22T13:18:10.076Z,147120
475bca3f-5a94-4ffb-852d-9d348c9b77a1,c24b7bb9-07ed-4e80-9484-df0667c83574,2025-04-22T13:55:25.076Z,62522
d6602186-1459-4b11-b3a1-d7063838910f,2b0b1fbb-0507-4897-aef6-69004fba434d,2025-04-22T14:45:30.076Z,65093
5b9c3859-24fe-4c9a-98d2-c86dfc5bf0c9,5c55e352-5688-4c35-a06f-f29e6519a629,2025-04-22T17:42:23.076Z,228519
ae0715d0-6ed4-4fbf-8e50-5810f6dcdc7f,e342e3de-1d9c-4641-a71c-3a68b523f09c,2025-04-22T21:42:09.076Z,88215
d6602186-1459-4b11-b3a1-d7063838910f,eb83e7d2-7d60-4440-874f-67252305a730,2025-04-22T22:34:31.076Z,177637
4c36e40d-05d8-4369-a914-206238b90877,1b7da275-2155-4716-a4d4-0e81765e9cdd,2025-04-23T02:05:37.076Z,4550
724e10de-23b3-4b79-a3ba-70c8787fa3fe,d71f04a7-76ab-4a56-baf5-fb1523835e29,2025-04-23T03:48:24.076Z,299963
d4f1eb43-b483-4caa-8cd2-87f77e768d65,3115f7ee-fc73-4be9-91a1-12f239bff5bb,2025-04-23T03:51:38.077Z,112535
475bca3f-5a94-4ffb-852d-9d348c9b77a1,78fd4387-25c0-4d8a-84b2-4486fdad107b,2025-04-23T06:04:40.076Z,127058
724e10de-23b3-4b79-a3ba-70c8787fa3fe,5ede3121-872a-497c-9c09-ccac45be6bc2,2025-04-23T08:39:59.076Z,1710
724e10de-23b3-4b79-a3ba-70c8787fa3fe,c24b7bb9-07ed-4e80-9484-df0667c83574,2025-04-23T13:02:34.076Z,288892
475bca3f-5a94-4ffb-852d-9d348c9b77a1,3115f7ee-fc73-4be9-91a1-12f239bff5bb,2025-04-23T14:24:08.076Z,1003
724e10de-23b3-4b79-a3ba-70c8787fa3fe,0ca71646-ef58-4ced-a924-8e02981a0d67,2025-04-23T15:16:51.076Z,4583
d90ee1ca-2d51-4926-9253-31fe97bca286,605f3310-78c7-4d77-b2f7-1344511e42c8,2025-04-23T19:54:35.076Z,3445
384515f4-088c-4fcc-8dff-2be946d3aab8,8326d65b-d8a4-4cb5-9413-8f962faec640,2025-04-23T22:40:06.076Z,194388
5b9c3859-24fe-4c9a-98d2-c86dfc5bf0c9,eb83e7d2-7d60-4440-874f-67252305a730,2025-04-23T22:49:33.076Z,329225
3587cb7e-068d-4edc-8e51-9585991a59ee,52e960a6-1306-4701-a800-a5fa1a7a6762,2025-04-23T23:19:32.077Z,2471
ae0715d0-6ed4-4fbf-8e50-5810f6dcdc7f,605f3310-78c7-4d77-b2f7-1344511e42c8,2025-04-24T00:08:15.076Z,1740
5b9c3859-24fe-4c9a-98d2-c86dfc5bf0c9,7c1e4e78-1895-46cb-b899-dc57b261845f,2025-04-24T02:09:01.076Z,5895
724e10de-23b3-4b79-a3ba-70c8787fa3fe,29676507-3aec-4075-9554-b00401026d2b,2025-04-24T07:12:45.076Z,175570
724e10de-23b3-4b79-a3ba-70c8787fa3fe,4eea8b40-9df3-4d0e-b646-9dccb3fdc536,2025-04-24T07:39:07.076Z,138360
724e10de-23b3-4b79-a3ba-70c8787fa3fe,3733942a-ef70-444f-abd1-cb7f3b992baa,2025-04-24T11:32:21.076Z,206304
d6602186-1459-4b11-b3a1-d7063838910f,c3e155cb-f9db-497b-ba56-07e03cc07e06,2025-04-24T11:42:55.076Z,118435
5b9c3859-24fe-4c9a-98d2-c86dfc5bf0c9,605f3310-78c7-4d77-b2f7-1344511e42c8,2025-04-24T19:08:53.076Z,84036
724e10de-23b3-4b79-a3ba-70c8787fa3fe,db68df62-26d6-4204-bdc6-41dbfba7a315,2025-04-24T19:58:33.076Z,231612
70c969fb-f9cf-440f-9f3a-836d83ca8ced,1ca59767-03aa-48ae-8d6c-6d356e411ea9,2025-04-24T23:18:32.076Z,170077
e2bce0b3-6d27-4569-b310-f29b658c7c80,fd8e9348-a248-4c68-a97f-b73b195628b9,2025-04-25T01:37:34.076Z,61176
d6602186-1459-4b11-b3a1-d7063838910f,6d6addb9-9eeb-4d15-886d-1d2e9a9665b3,2025-04-25T03:09:57.076Z,197912
475bca3f-5a94-4ffb-852d-9d348c9b77a1,c3aa4769-e504-49f4-8f80-1ba135ae36c4,2025-04-25T05:06:37.076Z,1958
ae0715d0-6ed4-4fbf-8e50-5810f6dcdc7f,3ae24a15-0863-4da8-a600-7a3474e40195,2025-04-25T05:06:59.076Z,2928
5b9c3859-24fe-4c9a-98d2-c86dfc5bf0c9,eaeb0f5a-e070-4778-9d33-25a1a1421a83,2025-04-25T06:20:40.076Z,311039
d6602186-1459-4b11-b3a1-d7063838910f,882cfe14-8f95-44c8-8ae1-b99ba80d9894,2025-04-25T06:54:37.076Z,3739
d6602186-1459-4b11-b3a1-d7063838910f,af111602-4f58-40b4-b760-3bb3dddfec6f,2025-04-25T07:48:54.076Z,248078
ae0715d0-6ed4-4fbf-8e50-5810f6dcdc7f,af111602-4f58-40b4-b760-3bb3dddfec6f,2025-04-25T13:07:12.076Z,266607
724e10de-23b3-4b79-a3ba-70c8787fa3fe,fd8e9348-a248-4c68-a97f-b73b195628b9,2025-04-25T13:39:15.076Z,6337
87eb2a56-fa45-4a3c-845c-68f7deb73c94,ad54741d-fda8-462a-b8ed-dfb06a00938d,2025-04-25T15:38:14.077Z,73723
475bca3f-5a94-4ffb-852d-9d348c9b77a1,7da8c1f5-3dbb-4672-ac8c-f8d03606bc3c,2025-04-25T15:45:34.076Z,9052
5b9c3859-24fe-4c9a-98d2-c86dfc5bf0c9,b8c647ee-1814-4dc8-80af-55f8d02c6c93,2025-04-25T20:14:25.076Z,358817
ae0715d0-6ed4-4fbf-8e50-5810f6dcdc7f,605f3310-78c7-4d77-b2f7-1344511e42c8,2025-04-25T22:03:53.076Z,93197
ae0715d0-6ed4-4fbf-8e50-5810f6dcdc7f,605f3310-78c7-4d77-b2f7-1344511e42c8,2025-04-25T22:21:03.076Z,2219
ae0715d0-6ed4-4fbf-8e50-5810f6dcdc7f,7da8c1f5-3dbb-4672-ac8c-f8d03606bc3c,2025-04-25T23:45:17.076Z,6624
475bca3f-5a94-4ffb-852d-9d348c9b77a1,c24b7bb9-07ed-4e80-9484-df0667c83574,2025-04-25T23:50:33.076Z,342944
475bca3f-5a94-4ffb-852d-9d348c9b77a1,c198b688-84fd-42fd-afc1-777364a68eeb,2025-04-26T04:51:47.076Z,9195
ae0715d0-6ed4-4fbf-8e50-5810f6dcdc7f,5c55e352-5688-4c35-a06f-f29e6519a629,2025-04-26T09:12:49.076Z,194895
5f1a45e2-4fe2-4791-9fee-677da746145e,eb83e7d2-7d60-4440-874f-67252305a730,2025-04-26T09:16:20.077Z,340578
29aba1ef-ee51-4fd1-9a67-8891f058dd2f,af111602-4f58-40b4-b760-3bb3dddfec6f,2025-04-26T11:03:28.077Z,8336
5b9c3859-24fe-4c9a-98d2-c86dfc5bf0c9,4eea8b40-9df3-4d0e-b646-9dccb3fdc536,2025-04-26T15:20:39.076Z,7403
d6602186-1459-4b11-b3a1-d7063838910f,1ca59767-03aa-48ae-8d6c-6d356e411ea9,2025-04-26T17:38:47.076Z,291532
d6602186-1459-4b11-b3a1-d7063838910f,72be07d1-c1e6-4653-aba4-37591b401d02,2025-04-26T19:27:01.076Z,303567
ae0715d0-6ed4-4fbf-8e50-5810f6dcdc7f,1b7da275-2155-4716-a4d4-0e81765e9cdd,2025-04-26T22:50:49.076Z,139434
724e10de-23b3-4b79-a3ba-70c8787fa3fe,d9b53215-0f91-4daf-94d4-5229f5109ece,2025-04-26T23:23:41.076Z,282779
d6602186-1459-4b11-b3a1-d7063838910f,2b0b1fbb-0507-4897-aef6-69004fba434d,2025-04-27T09:40:54.076Z,97355
475bca3f-5a94-4ffb-852d-9d348c9b77a1,2de627a2-c8c6-43ee-8688-e2bffcf6ec8b,2025-04-27T11:25:26.076Z,354996
475bca3f-5a94-4ffb-852d-9d348c9b77a1,7c1e4e78-1895-46cb-b899-dc57b261845f,2025-04-27T13:28:49.076Z,5499
5b9c3859-24fe-4c9a-98d2-c86dfc5bf0c9,4eea8b40-9df3-4d0e-b646-9dccb3fdc536,2025-04-27T18:40:56.076Z,108270
ae0715d0-6ed4-4fbf-8e50-5810f6dcdc7f,1b7da275-2155-4716-a4d4-0e81765e9cdd,2025-04-27T19:44:52.076Z,185988
724e10de-23b3-4b79-a3ba-70c8787fa3fe,4eea8b40-9df3-4d0e-b646-9dccb3fdc536,2025-04-27T21:37:44.076Z,189226
d6602186-1459-4b11-b3a1-d7063838910f,87a3ffa3-420d-4c31-9160-7b0abfb2912a,2025-04-28T00:05:25.076Z,118716
724e10de-23b3-4b79-a3ba-70c8787fa3fe,21954e38-222e-4944-8cb3-01a99f464267,2025-04-28T01:15:59.076Z,6780
d6602186-1459-4b11-b3a1-d7063838910f,3733942a-ef70-444f-abd1-cb7f3b992baa,2025-04-28T01:51:07.076Z,7192
1e0f40a6-a1b5-444b-916d-a70935bcd838,d71f04a7-76ab-4a56-baf5-fb1523835e29,2025-04-28T02:02:57.076Z,252038
d6602186-1459-4b11-b3a1-d7063838910f,576eb88c-33f9-4692-93ec-712014b66d16,2025-04-28T03:41:12.076Z,97915
f7a9443e-b4df-4917-b6ce-74cb499ca47b,87a3ffa3-420d-4c31-9160-7b0abfb2912a,2025-04-28T05:23:25.077Z,326719
2dd9df7c-103b-414d-aebc-ea329020e3e2,d9b53215-0f91-4daf-94d4-5229f5109ece,2025-04-28T09:26:56.077Z,6692
653c78e7-8b84-4de3-b4da-d08531338e04,971ccdcf-3640-4519-a533-dfda415e2241,2025-04-28T10:03:22.077Z,5363
724e10de-23b3-4b79-a3ba-70c8787fa3fe,6888cf2b-7df3-4979-ae24-14d26540b68d,2025-04-28T10:09:35.076Z,2130
5b9c3859-24fe-4c9a-98d2-c86dfc5bf0c9,2b0b1fbb-0507-4897-aef6-69004fba434d,2025-04-28T10:19:48.076Z,128923
5b9c3859-24fe-4c9a-98d2-c86dfc5bf0c9,d9b53215-0f91-4daf-94d4-5229f5109ece,2025-04-28T10:28:54.076Z,290449
475bca3f-5a94-4ffb-852d-9d348c9b77a1,eaeb0f5a-e070-4778-9d33-25a1a1421a83,2025-04-28T12:35:38.076Z,132839
